PartitionKey,RowKey,Timestamp,ResultDateTime,BlockId,ConditionId,CampaignNumber,FeedBackIsOn,WorkerId,Age,Gender,Race,Education,Factor,Code,Score,CatchFailCorrectCount,Responses,StudyDuration
20190625165402485,,2019-06-25T16:54:02.540Z,2019-06-25T16:54:02.485Z,8,4,p4,false,A191V7PT3DQKDP,25-34,male,caucasian,bachelors,Number of Prior Crimes; Crime Description; Age; Felony/Misdemeanor Status; Juvenile Felony Count; Juvenile Misdemeanor Count; ,nxs00jrxvtjcyvl2u216lrdtu41BB,33,3," WM-001:9488:No:Yes, BM-011:7788:Yes:Yes, WM-015:7754:Yes:Yes, BM-004:1904:Yes:No, BM-212:8278:No:Yes, LM-200:763:Yes:Yes, BM-018:9747:Yes:Yes, BM-017:4076:Yes:No, WM-009:9832:No:Yes, WF-001:10499:Yes:Yes, BM-021:3761:Yes:Yes, BM-019:3056:No:No, BM-020:122:Yes:Yes, WM-023:2078:Yes:Yes, LM-226:8036:No:No, BF-001:2121:Yes:No, BM-034:6205:Yes:Yes, BM-025:10979:No:No, BM-002:4436:Yes:Yes, WM-018:3483:No:No, WM-017:829:Yes:Yes, LM-206:7723:No:No, WM-002:1834:No:No, WM-201:363:Yes:Yes, empty:10498:No:No, BM-016:5354:No:Yes, WM-019:5553:No:No, BM-013:956:Yes:Yes, empty:765:Yes:Yes, WM-223:7914:No:No, BM-022:8835:Yes:No, BM-003:5485:No:Yes, WM-248:3585:No:Yes, BM-005:265:Yes:Yes, WM-006:4255:No:No, BM-001:10836:Yes:Yes, empty:2396:No:No, LM-201:7445:No:Yes, BF-003:8526:No:No, WF-002:7340:No:Yes, WM-010:7257:Yes:Yes, BM-009:1796:No:Yes, LM-215:3146:No:Yes, BM-015:5224:Yes:Yes, BM-010:9031:Yes:Yes, BM-012:6658:No:Yes, WM-004:6443:Yes:No, WM-003:8045:Yes:Yes, WM-024:4730:No:Yes, WM-221:189:No:No",329
20190625165514056,,2019-06-25T16:55:14.113Z,2019-06-25T16:55:14.056Z,4,4,p4,false,A38VMTKS30TQZB,25-34,male,caucasian,bachelors,Number of Prior Crimes; Crime Description; Felony/Misdemeanor Status; Age; Gender; Juvenile Felony Count; Juvenile Misdemeanor Count; Ethnicity; Image; ,nxsl9ks5ijvfsakqdd40puae1BB,34,3," WM-011:5449:Yes:No, empty:10709:No:No, BF-027:6171:Yes:No, BM-024:9686:No:No, BM-010:9933:Yes:Yes, BM-013:3848:Yes:Yes, BF-024:7517:No:No, WM-001:9352:Yes:No, WM-004:5830:Yes:No, BM-212:3794:No:Yes, WM-012:9231:Yes:No, WF-237:4117:No:No, LM-226:9399:Yes:Yes, BM-015:9467:No:Yes, WF-002:7437:Yes:Yes, BM-011:4290:No:No, BF-007:7830:Yes:Yes, LM-215:4193:No:No, BM-019:1166:Yes:Yes, BM-004:9919:No:No, WF-001:5127:No:No, BM-022:9820:Yes:No, BM-001:8924:No:Yes, LM-200:6386:Yes:Yes, WM-002:4558:No:No, WM-024:1856:No:No, BM-009:2228:Yes:Yes, WM-018:9242:No:No, BM-018:8532:Yes:No, WF-221:10958:Yes:No, WM-003:3738:Yes:No, empty:3315:No:No, BM-003:5489:Yes:Yes, empty:9328:No:No, BM-034:853:Yes:No, WM-023:10591:Yes:Yes, BM-016:9336:Yes:No, BM-026:7199:No:No, BF-001:9586:No:Yes, BM-023:10150:Yes:Yes, BF-203:2773:Yes:Yes, BF-211:685:Yes:Yes, BM-005:1162:Yes:Yes, LF-200:9609:Yes:Yes, BM-012:10700:Yes:Yes, BM-020:42:Yes:Yes, BM-017:10137:No:No, empty:5985:No:No, BM-002:1385:Yes:Yes, LM-206:6546:Yes:No",306
20190625165651534,,2019-06-25T16:56:51.613Z,2019-06-25T16:56:51.534Z,8,4,p4,false,A3SMQNSK314EFB,18-24,male,caucasian,high-school,Gender; Age; Crime Description; Felony/Misdemeanor Status; Number of Prior Crimes; Juvenile Misdemeanor Count; Juvenile Felony Count; ,nxsp4ef21bevlas9u6oahp8m1,32,3," WM-248:3585:Yes:Yes, empty:2396:No:No, BM-011:7788:Yes:Yes, WM-002:1834:No:No, WM-023:2078:Yes:Yes, LM-226:8036:Yes:No, WM-003:8045:Yes:Yes, WM-001:9488:No:Yes, BF-001:2121:Yes:No, BM-016:5354:No:Yes, empty:765:Yes:Yes, BM-017:4076:Yes:No, WM-019:5553:No:No, BM-019:3056:No:No, WM-015:7754:Yes:Yes, BM-001:10836:Yes:Yes, BM-004:1904:No:No, BM-015:5224:No:Yes, BM-003:5485:No:Yes, BM-034:6205:Yes:Yes, BM-020:122:Yes:Yes, BM-005:265:Yes:Yes, WM-024:4730:No:Yes, BM-013:956:Yes:Yes, WM-201:363:Yes:Yes, BM-009:1796:No:Yes, BM-018:9747:Yes:Yes, WM-006:4255:No:No, LM-206:7723:No:No, WM-004:6443:Yes:No, WF-001:10499:Yes:Yes, WM-017:829:Yes:Yes, BM-010:9031:Yes:Yes, BM-012:6658:No:Yes, WM-223:7914:No:No, WF-002:7340:No:Yes, WM-221:189:No:No, LM-200:763:Yes:Yes, BM-022:8835:No:No, BM-025:10979:No:No, BM-212:8278:No:Yes, LM-201:7445:No:Yes, BM-002:4436:Yes:Yes, BM-021:3761:Yes:Yes, LM-215:3146:No:Yes, WM-009:9832:No:Yes, BF-003:8526:No:No, WM-018:3483:Yes:No, WM-010:7257:No:Yes, empty:10498:No:No",357
20190625165652832,,2019-06-25T16:56:52.910Z,2019-06-25T16:56:52.832Z,15,4,p4,false,A36K4ELT4YH00L,35-44,male,hispanic,bachelors,Number of Prior Crimes; Juvenile Misdemeanor Count; Juvenile Felony Count; Felony/Misdemeanor Status; Crime Description; Age; Ethnicity; Image; Gender; ,nxs57i0cg7mjry9zgixhtnhh1BB,36,3," WM-006:3805:No:Yes, WF-008:8223:Yes:No, WF-022:1452:Yes:Yes, WF-001:8728:No:No, empty:3774:No:No, BM-002:5935:Yes:Yes, WM-002:1241:Yes:Yes, BM-009:7894:No:No, WF-002:2583:Yes:No, BM-019:9436:Yes:Yes, BM-001:7459:Yes:Yes, BM-003:7916:No:No, LM-200:10660:No:Yes, BM-011:10894:Yes:No, BM-034:2402:Yes:Yes, BM-005:6864:Yes:Yes, BM-012:5042:Yes:Yes, WM-018:6249:Yes:Yes, WM-201:4159:Yes:Yes, LM-210:10271:No:No, LM-202:728:No:Yes, WM-004:7320:Yes:Yes, empty:2438:No:No, LF-200:8866:Yes:No, WM-014:7807:No:Yes, WM-223:4288:No:No, BF-007:7166:Yes:No, WM-220:863:No:No, LM-215:7206:Yes:Yes, WF-014:990:No:No, BM-016:9136:No:No, LM-201:9556:No:No, LF-202:5951:No:No, BM-023:934:Yes:Yes, WM-003:963:Yes:No, WF-026:10871:No:No, BM-015:7341:No:Yes, BM-021:3999:No:No, WM-013:5326:Yes:Yes, BM-004:70:No:No, WM-023:5052:No:No, BM-010:9509:No:Yes, WM-012:1196:No:No, empty:2278:No:Yes, BM-025:4397:Yes:Yes, WM-221:4931:Yes:Yes, WM-011:10484:No:No, empty:2632:No:No, BF-024:7868:No:No, BM-013:10509:Yes:No",270
20190625165804309,,2019-06-25T16:58:04.335Z,2019-06-25T16:58:04.309Z,14,4,p4,false,A3JZS32RQUWGJM,35-44,male,caucasian,associates,Number of Prior Crimes; Age; Crime Description; ,nxs357aesc1iynk4bjo6bmpt1BB,35,3," empty:8379:No:No, BM-023:7123:No:Yes, BF-002:6996:No:Yes, WM-012:9730:No:No, BM-019:3722:Yes:Yes, BM-004:3337:Yes:Yes, BF-001:7607:No:No, empty:844:Yes:No, BM-033:9867:Yes:No, WF-008:9894:Yes:Yes, BF-003:2537:No:No, empty:3841:No:No, BF-203:1325:No:No, BF-024:10622:Yes:No, BM-021:6320:Yes:Yes, BM-001:3925:Yes:Yes, WF-026:3631:No:No, empty:8060:No:No, WM-221:6525:Yes:Yes, WM-018:5634:No:No, BM-212:3387:No:Yes, BM-003:98:Yes:Yes, empty:5432:Yes:Yes, BM-213:277:Yes:Yes, WM-003:7526:No:Yes, LM-203:1430:No:No, BM-013:9129:Yes:No, WF-002:7355:No:No, BM-016:10359:Yes:No, BM-044:4776:No:Yes, WF-014:622:No:No, BM-012:4335:No:No, BM-034:2220:Yes:Yes, BM-017:8681:Yes:Yes, BM-020:754:Yes:Yes, BM-010:3818:No:No, BM-024:8129:Yes:Yes, WM-011:8962:No:No, BM-011:1250:Yes:Yes, LM-201:4761:No:Yes, BF-004:2320:No:Yes, LM-215:2511:No:No, WF-001:1128:No:No, BM-025:1604:No:Yes, BF-005:5544:Yes:No, BM-018:8140:Yes:Yes, WM-002:8354:Yes:Yes, BM-005:8239:Yes:No, BM-015:4336:No:No, BM-002:2766:Yes:Yes",306
20190625170105906,,2019-06-25T17:01:05.967Z,2019-06-25T17:01:05.906Z,14,4,p4,false,A12A5GVJX5RZC4,35-44,male,caucasian,some-college,Felony/Misdemeanor Status; Number of Prior Crimes; Crime Description; Age; Gender; Juvenile Felony Count; Juvenile Misdemeanor Count; Ethnicity; Image; ,nxsfpimnsn0yki0b5cwo5k9zt1BB,33,3," BM-034:2220:No:Yes, LM-203:1430:No:No, BM-013:9129:Yes:No, BM-212:3387:No:Yes, BF-001:7607:No:No, BM-213:277:Yes:Yes, WM-221:6525:No:Yes, BM-003:98:Yes:Yes, BM-020:754:Yes:Yes, WF-002:7355:No:No, BF-024:10622:No:No, BF-002:6996:No:Yes, empty:8060:No:No, BM-012:4335:No:No, BF-005:5544:No:No, BM-019:3722:No:Yes, BM-023:7123:No:Yes, BM-002:2766:Yes:Yes, empty:3841:No:No, WM-018:5634:No:No, BM-005:8239:Yes:No, BM-044:4776:No:Yes, WM-012:9730:No:No, BM-015:4336:No:No, LM-215:2511:No:No, BF-004:2320:Yes:Yes, WF-008:9894:Yes:Yes, BM-018:8140:Yes:Yes, LM-201:4761:No:Yes, BM-001:3925:Yes:Yes, BM-011:1250:Yes:Yes, BM-024:8129:No:Yes, BM-004:3337:Yes:Yes, empty:8379:No:No, empty:844:Yes:No, WF-001:1128:No:No, BM-025:1604:No:Yes, empty:5432:No:Yes, WF-026:3631:No:No, BM-021:6320:Yes:Yes, WM-003:7526:No:Yes, BM-033:9867:No:No, BF-003:2537:No:No, BM-016:10359:Yes:No, WM-002:8354:Yes:Yes, BF-203:1325:No:No, WM-011:8962:No:No, BM-017:8681:No:Yes, BM-010:3818:No:No, WF-014:622:No:No",564
20190625170236805,,2019-06-25T17:02:36.884Z,2019-06-25T17:02:36.805Z,20,4,p4,false,ABXI04K7467QI,25-34,male,african-american,bachelors,Number of Prior Crimes; Crime Description; Felony/Misdemeanor Status; Age; Gender; Juvenile Felony Count; Juvenile Misdemeanor Count; Ethnicity; Image; ,nxstnq539qhmzsnqqcxsmljkl1BB,33,3," BM-023:5001:No:Yes, BM-036:3273:Yes:Yes, WM-201:9337:Yes:No, empty:6788:Yes:No, BM-024:10720:Yes:Yes, empty:4774:No:No, empty:1215:No:No, WM-010:1216:Yes:No, BM-019:1670:Yes:Yes, WM-018:10377:No:No, BF-007:5297:Yes:Yes, BM-016:2934:Yes:Yes, BF-001:10012:Yes:Yes, LM-201:5103:Yes:No, BM-012:9473:Yes:No, WF-014:4809:Yes:Yes, empty:7923:Yes:Yes, BM-018:5877:Yes:No, LM-202:4553:Yes:No, BM-005:3869:No:No, BM-017:173:Yes:Yes, WM-009:10068:No:No, BM-015:2507:Yes:No, WM-004:7023:Yes:No, BM-003:2310:Yes:No, BM-022:8876:Yes:No, BM-013:6391:Yes:Yes, WM-221:3205:Yes:No, BM-029:10394:No:No, BM-001:9442:Yes:Yes, BM-034:3285:Yes:Yes, BF-004:203:No:No, WM-017:7945:Yes:No, AM-215:3919:Yes:Yes, BM-009:1283:Yes:Yes, BM-020:3236:Yes:Yes, BF-003:9581:No:No, WF-221:3679:No:Yes, WM-002:8207:No:Yes, WM-015:7975:Yes:Yes, WM-003:3511:No:No, BF-005:7722:Yes:Yes, BM-002:1331:Yes:Yes, WF-026:4536:No:No, WM-023:10289:No:Yes, BM-004:9875:Yes:Yes, BM-011:6315:Yes:Yes, WM-006:5997:No:No, BM-037:7153:No:No, BM-010:9165:No:No",354
20190625170928524,,2019-06-25T17:09:28.534Z,2019-06-25T17:09:28.524Z,20,4,p4,false,A2WKZI3JQCE3Z6,45-54,male,caucasian,bachelors,Age; Crime Description; Number of Prior Crimes; ,nxs5c383ru9psr0qmmi0pjwg0g1,29,3," BM-016:2934:Yes:Yes, BM-001:9442:No:Yes, BM-003:2310:Yes:No, empty:4774:No:No, BM-034:3285:Yes:Yes, WM-006:5997:Yes:No, BM-017:173:Yes:Yes, BM-010:9165:Yes:No, BF-003:9581:No:No, WF-221:3679:Yes:Yes, BM-013:6391:No:Yes, BF-001:10012:Yes:Yes, BM-020:3236:Yes:Yes, BF-007:5297:No:Yes, BM-036:3273:Yes:Yes, BM-009:1283:Yes:Yes, BM-011:6315:Yes:Yes, WF-014:4809:No:Yes, BF-004:203:No:No, WM-015:7975:Yes:Yes, BM-024:10720:Yes:Yes, WM-221:3205:No:No, AM-215:3919:No:Yes, BM-029:10394:No:No, empty:6788:Yes:No, BM-005:3869:No:No, WM-201:9337:No:No, WM-002:8207:Yes:Yes, BF-005:7722:No:Yes, empty:7923:No:Yes, BM-015:2507:Yes:No, WM-003:3511:No:No, WM-010:1216:No:No, WM-018:10377:No:No, BM-019:1670:No:Yes, WM-017:7945:Yes:No, BM-012:9473:Yes:No, BM-022:8876:Yes:No, WF-026:4536:No:No, BM-002:1331:Yes:Yes, WM-004:7023:Yes:No, LM-202:4553:No:No, BM-018:5877:Yes:No, BM-004:9875:Yes:Yes, BM-023:5001:No:Yes, WM-009:10068:No:No, WM-023:10289:No:Yes, BM-037:7153:No:No, empty:1215:No:No, LM-201:5103:Yes:No",338
20190625172049563,,2019-06-25T17:20:49.589Z,2019-06-25T17:20:49.563Z,6,4,p4,false,A1Z0YMGUC86KC5,18-24,male,caucasian,bachelors,Gender; Number of Prior Crimes; Juvenile Misdemeanor Count; Crime Description; Felony/Misdemeanor Status; Age; ,nxs3t59oix4nhex466r0vxgmi1BB,35,3," BM-020:4967:Yes:Yes, BM-034:800:No:Yes, WM-011:5923:No:No, WM-010:5134:Yes:Yes, WM-002:4226:Yes:Yes, LM-226:2605:No:No, WM-015:7259:Yes:No, empty:7472:No:No, WM-013:10491:No:No, BM-212:8054:Yes:No, BM-011:6908:Yes:Yes, WM-018:1865:No:No, BF-024:7578:No:No, LM-200:9437:Yes:No, BF-007:5575:Yes:Yes, WM-012:3790:No:No, empty:7555:No:No, BM-003:2476:Yes:Yes, BF-009:227:No:Yes, WM-023:6229:No:Yes, BM-012:7348:No:No, BF-203:4686:No:No, WF-002:206:Yes:Yes, WM-009:6379:Yes:No, WM-017:10008:Yes:Yes, WM-248:9830:No:No, BM-025:3289:Yes:No, BF-211:5852:No:No, LM-201:893:No:No, BM-017:7985:No:No, BF-001:4404:No:Yes, BM-004:4101:Yes:Yes, BM-033:8881:No:Yes, WM-003:4258:No:No, BM-029:4907:Yes:Yes, BM-002:2758:No:No, WM-004:8188:No:No, BM-021:4637:No:Yes, BM-018:2955:Yes:No, WM-223:8905:No:No, WM-249:3215:No:No, BM-022:5330:No:Yes, LM-203:10878:Yes:Yes, LM-215:6424:No:No, BF-027:9405:Yes:Yes, WM-221:9045:No:No, BM-001:8882:No:Yes, WM-019:552:No:Yes, WM-001:9150:Yes:Yes, WM-006:8248:Yes:Yes",255
20190625172056621,,2019-06-25T17:20:56.688Z,2019-06-25T17:20:56.621Z,2,4,p4,false,A1C8DGCXLMFJHU,25-34,male,caucasian,bachelors,Gender; Image; Age; Ethnicity; Number of Prior Crimes; Juvenile Misdemeanor Count; Felony/Misdemeanor Status; Crime Description; Juvenile Felony Count; ,nxszf0toitcc4fma3wkaxlx80,22,1," BM-019:1361:Yes:Yes, WF-005:408:Yes:No, WM-201:2034:Yes:No, BM-015:4098:No:Yes, BM-017:7834:No:No, empty:5500:Yes:No, BM-212:5765:Yes:No, empty:4991:No:Yes, BM-004:913:Yes:Yes, BM-002:1103:No:No, BM-016:10220:Yes:No, WM-221:2002:Yes:No, WM-003:2525:Yes:No, BM-025:838:No:No, WM-018:4977:Yes:Yes, BM-021:6207:Yes:Yes, AM-215:8162:No:No, BM-003:1941:No:No, WM-023:1066:Yes:No, LM-200:9634:Yes:No, BM-009:3647:Yes:No, WM-013:6884:No:No, WM-012:726:No:Yes, BM-218:2703:Yes:No, WM-011:10502:Yes:No, WM-225:10748:Yes:No, BM-010:8046:Yes:Yes, WM-004:10423:Yes:Yes, WM-223:4629:Yes:Yes, BM-022:5270:Yes:No, BM-225:4161:Yes:Yes, BM-013:4640:Yes:Yes, BM-213:6240:No:No, BM-018:794:No:Yes, BM-012:9407:Yes:No, WM-220:282:Yes:Yes, empty:3248:Yes:Yes, BM-001:3854:Yes:Yes, BM-034:4943:No:Yes, BM-005:7920:Yes:No, WF-001:7897:Yes:Yes, empty:7032:No:No, empty:3010:No:No, BF-024:1195:Yes:No, BF-001:4860:Yes:No, BM-020:1490:No:Yes, WF-003:5049:Yes:No, WM-002:375:Yes:No, WF-221:6189:Yes:No, BM-011:4546:No:Yes",317
20190625172440785,,2019-06-25T17:24:40.893Z,2019-06-25T17:24:40.785Z,5,4,p4,false,A1CIIX0CB0GR7H,35-44,male,caucasian,some-college,Number of Prior Crimes; Age; ,nxseu0fe9k8jcv2u1c3uqr7us1BB,34,3," BM-023:1059:No:No, BM-017:6170:Yes:Yes, BF-002:5433:Yes:Yes, BM-019:9617:Yes:Yes, LM-215:2502:No:No, BM-015:6129:Yes:No, BM-009:6096:Yes:Yes, empty:7958:Yes:No, WM-018:5543:Yes:Yes, WF-003:4444:Yes:No, WM-009:10327:No:No, LM-200:2020:Yes:No, BF-003:1160:No:No, WM-004:3309:Yes:Yes, empty:4724:No:Yes, BM-044:9357:Yes:No, BM-002:2006:No:Yes, BM-003:2737:Yes:Yes, BM-020:6251:Yes:No, BM-025:1044:Yes:No, WF-221:10401:No:No, BM-010:4342:Yes:Yes, BM-033:5882:Yes:Yes, BM-021:5307:Yes:No, WM-002:1130:Yes:Yes, BM-013:7457:Yes:Yes, empty:9833:No:No, BM-004:7602:Yes:Yes, empty:7003:Yes:Yes, BM-001:2901:Yes:Yes, WM-006:3863:No:No, WM-010:6377:Yes:Yes, BM-012:10319:Yes:Yes, WM-201:2586:Yes:No, WM-220:2790:No:No, WM-001:2533:No:Yes, WF-001:4122:No:No, BM-037:10076:Yes:No, BM-024:3322:No:Yes, BM-016:7258:Yes:Yes, BM-018:3602:Yes:Yes, BM-005:2195:Yes:Yes, WM-023:2156:No:Yes, WM-003:4996:Yes:No, BF-024:7636:No:No, BM-206:10706:No:No, WF-237:6586:Yes:Yes, BF-001:115:Yes:Yes, BM-036:1870:No:No, BM-011:3145:Yes:Yes",415
20190625172458930,,2019-06-25T17:24:58.986Z,2019-06-25T17:24:58.930Z,6,4,p4,false,A2YGOORS5N9RW8,35-44,male,caucasian,some-college,Number of Prior Crimes; Crime Description; Felony/Misdemeanor Status; Juvenile Felony Count; Juvenile Misdemeanor Count; Age; Gender; Ethnicity; Image; ,nxsvlxd943rxwpq2ffqw0gva1BB,34,3," LM-226:2605:Yes:No, WM-017:10008:Yes:Yes, BM-018:2955:Yes:No, WF-002:206:Yes:Yes, WM-003:4258:No:No, BM-011:6908:Yes:Yes, WM-004:8188:Yes:No, empty:7472:No:No, WM-006:8248:Yes:Yes, BF-211:5852:No:No, LM-215:6424:No:No, BM-001:8882:Yes:Yes, BM-004:4101:Yes:Yes, WM-011:5923:No:No, LM-200:9437:Yes:No, WM-019:552:No:Yes, BF-024:7578:Yes:No, WM-018:1865:No:No, WM-248:9830:No:No, BF-007:5575:Yes:Yes, BM-002:2758:No:No, WM-009:6379:Yes:No, BM-025:3289:Yes:No, BF-027:9405:Yes:Yes, BM-021:4637:Yes:Yes, BM-017:7985:No:No, WM-010:5134:Yes:Yes, empty:7555:No:No, LM-203:10878:Yes:Yes, WM-013:10491:Yes:No, BM-212:8054:Yes:No, BF-001:4404:No:Yes, WM-015:7259:Yes:No, BM-020:4967:Yes:Yes, BM-022:5330:No:Yes, WM-223:8905:No:No, BM-033:8881:No:Yes, WM-249:3215:No:No, WM-012:3790:No:No, LM-201:893:No:No, BF-009:227:No:Yes, BM-012:7348:No:No, WM-001:9150:Yes:Yes, BM-029:4907:Yes:Yes, WM-221:9045:No:No, WM-023:6229:Yes:Yes, WM-002:4226:Yes:Yes, BM-003:2476:Yes:Yes, BF-203:4686:No:No, BM-034:800:No:Yes",791
20190625172506464,,2019-06-25T17:25:06.494Z,2019-06-25T17:25:06.464Z,5,4,p4,false,A2SO6K35NMGBB7,35-44,male,caucasian,bachelors,Felony/Misdemeanor Status; Number of Prior Crimes; Crime Description; Juvenile Felony Count; Juvenile Misdemeanor Count; Image; Age; Ethnicity; Gender; ,nxs928e9n41oh0ba66jgbdhw1,23,3," BM-009:6096:Yes:Yes, BM-206:10706:No:No, WM-023:2156:No:Yes, BM-018:3602:Yes:Yes, BM-003:2737:Yes:Yes, BF-001:115:No:Yes, LM-200:2020:Yes:No, BM-033:5882:No:Yes, WM-003:4996:Yes:No, empty:7958:No:No, WM-009:10327:No:No, BM-002:2006:No:Yes, LM-215:2502:Yes:No, WM-018:5543:No:Yes, BM-005:2195:Yes:Yes, WF-001:4122:Yes:No, WF-003:4444:Yes:No, BM-011:3145:Yes:Yes, WF-221:10401:No:No, BM-037:10076:Yes:No, WM-006:3863:No:No, BM-004:7602:Yes:Yes, BM-020:6251:Yes:No, WM-001:2533:No:Yes, empty:4724:No:Yes, BM-036:1870:Yes:No, BM-021:5307:Yes:No, BM-044:9357:Yes:No, BM-015:6129:No:No, BM-025:1044:Yes:No, BM-013:7457:Yes:Yes, WM-010:6377:Yes:Yes, WM-002:1130:Yes:Yes, BM-024:3322:No:Yes, BM-016:7258:Yes:Yes, BF-002:5433:No:Yes, WM-004:3309:Yes:Yes, WF-237:6586:No:Yes, BM-010:4342:Yes:Yes, BF-003:1160:Yes:No, BM-023:1059:Yes:No, BM-017:6170:Yes:Yes, WM-201:2586:Yes:No, BM-001:2901:No:Yes, BF-024:7636:Yes:No, WM-220:2790:No:No, BM-019:9617:Yes:Yes, BM-012:10319:No:Yes, empty:7003:Yes:Yes, empty:9833:No:No",338
20190625172708164,,2019-06-25T17:27:08.196Z,2019-06-25T17:27:08.164Z,14,4,p4,false,A3MMLCBV2W3BP9,25-34,male,caucasian,some-college,Number of Prior Crimes; Crime Description; Juvenile Felony Count; Juvenile Misdemeanor Count; Felony/Misdemeanor Status; Age; Gender; Ethnicity; Image; ,nxszgz6st39cziejwauqa6y1r1BB,35,3," empty:8060:No:No, BM-044:4776:Yes:Yes, WF-002:7355:Yes:No, BM-021:6320:Yes:Yes, empty:3841:Yes:No, BM-019:3722:No:Yes, WM-018:5634:No:No, WF-008:9894:Yes:Yes, BM-001:3925:No:Yes, BF-203:1325:No:No, WF-026:3631:No:No, BM-020:754:Yes:Yes, BM-015:4336:No:No, LM-215:2511:Yes:No, WF-014:622:No:No, empty:8379:No:No, BM-005:8239:Yes:No, WM-011:8962:No:No, BM-016:10359:No:No, WM-002:8354:Yes:Yes, BM-025:1604:Yes:Yes, BM-034:2220:Yes:Yes, BM-013:9129:No:No, BM-002:2766:Yes:Yes, BM-212:3387:No:Yes, WM-221:6525:No:Yes, BM-003:98:Yes:Yes, BM-017:8681:Yes:Yes, empty:844:Yes:No, BM-018:8140:Yes:Yes, BF-024:10622:No:No, BF-001:7607:No:No, WF-001:1128:No:No, empty:5432:Yes:Yes, BF-002:6996:No:Yes, BM-213:277:Yes:Yes, BM-033:9867:Yes:No, WM-012:9730:No:No, BF-003:2537:No:No, BM-004:3337:Yes:Yes, WM-003:7526:No:Yes, BM-023:7123:No:Yes, BM-011:1250:Yes:Yes, BM-010:3818:No:No, BM-012:4335:No:No, BF-004:2320:No:Yes, BM-024:8129:Yes:Yes, LM-201:4761:No:Yes, LM-203:1430:No:No, BF-005:5544:No:No",331
20190625173033789,,2019-06-25T17:30:33.884Z,2019-06-25T17:30:33.789Z,19,4,p4,false,A3EA4SHCLJ1UZQ,25-34,male,caucasian,high-school,Number of Prior Crimes; Crime Description; Felony/Misdemeanor Status; Age; Juvenile Felony Count; Juvenile Misdemeanor Count; Gender; Ethnicity; Image; ,nxs26mpm3oa0dga19kgz2bqn1BB,35,3," WM-249:3019:No:Yes, LM-200:1343:Yes:Yes, empty:10544:No:No, LM-201:787:Yes:No, LM-215:101:Yes:Yes, BM-023:7334:Yes:Yes, BM-021:320:Yes:No, BM-012:1576:Yes:Yes, WF-002:6389:Yes:Yes, WF-221:6267:No:Yes, BM-001:1146:Yes:Yes, WM-003:9221:Yes:Yes, BM-024:2128:Yes:Yes, BF-024:7298:No:No, empty:1532:No:No, WM-009:8149:Yes:No, WM-023:2100:No:No, BM-033:7231:Yes:No, LM-228:5177:Yes:Yes, WM-223:4692:No:No, WM-010:2504:No:Yes, BM-004:5669:Yes:Yes, BM-018:2076:Yes:Yes, BM-002:2329:Yes:Yes, empty:10699:Yes:Yes, BM-010:2809:No:No, WM-248:837:Yes:Yes, WM-006:7631:No:Yes, BM-025:3751:Yes:Yes, BF-007:10673:Yes:Yes, WM-221:10412:No:No, BM-022:1240:Yes:No, BM-003:6805:No:Yes, BM-016:3656:No:No, WM-018:3788:No:No, BM-017:10336:Yes:Yes, empty:10302:Yes:No, BM-009:10334:No:Yes, BM-015:6744:Yes:Yes, WF-001:7084:No:No, BM-020:5754:Yes:Yes, WM-004:4833:Yes:No, BM-011:10277:Yes:No, WM-201:5760:No:No, LM-226:8530:No:No, WM-002:6094:Yes:Yes, LF-200:2589:Yes:No, BM-019:6420:Yes:Yes, BM-013:5825:Yes:Yes, BM-005:10383:Yes:Yes",208
20190625173050698,,2019-06-25T17:30:50.783Z,2019-06-25T17:30:50.698Z,18,4,p4,false,A1SNC8UL8YFRH5,25-34,male,caucasian,some-college,Age; Crime Description; Felony/Misdemeanor Status; Number of Prior Crimes; Juvenile Misdemeanor Count; Juvenile Felony Count; ,nxsoji8s9k1mqivrpzjtzarh1BB,36,3," WM-221:2613:No:No, WM-220:2943:No:No, BM-015:10946:Yes:No, WM-223:5801:Yes:Yes, BM-019:2515:Yes:No, WM-003:2794:Yes:Yes, WF-001:947:Yes:No, empty:4820:Yes:Yes, empty:319:Yes:Yes, BM-036:8518:Yes:Yes, WM-023:9283:Yes:Yes, WM-002:4719:No:No, BM-012:2216:No:No, BM-010:10841:No:Yes, WM-004:7930:Yes:Yes, BF-002:8358:No:No, BM-013:8832:Yes:Yes, WM-018:8205:No:Yes, BM-017:10645:No:No, LM-200:4368:Yes:Yes, BM-003:9219:Yes:No, BM-001:2053:No:No, BM-022:2206:Yes:No, WF-221:6963:Yes:No, BM-020:2149:No:Yes, WM-201:2843:No:No, WM-006:10899:Yes:Yes, BM-029:9868:No:No, empty:9235:No:No, BM-023:5646:Yes:Yes, BM-005:3847:Yes:Yes, BF-003:9277:No:No, WM-009:6537:Yes:Yes, empty:9216:No:No, LM-206:8041:Yes:Yes, empty:8641:No:No, BF-001:400:No:Yes, BM-016:364:No:No, BM-011:8501:Yes:Yes, BM-018:7411:Yes:No, BM-024:8111:Yes:Yes, WF-014:4164:Yes:No, BM-032:9636:Yes:Yes, BM-002:2723:Yes:Yes, empty:1397:No:No, LM-203:1553:No:Yes, BM-009:4971:Yes:Yes, BM-004:6766:Yes:Yes, WF-026:154:No:Yes, empty:7269:No:No",472
20190625173104057,,2019-06-25T17:31:04.084Z,2019-06-25T17:31:04.057Z,14,4,p4,false,A13E5NKCFSG8GO,25-34,male,caucasian,bachelors,Number of Prior Crimes; Juvenile Misdemeanor Count; Juvenile Felony Count; Crime Description; ,nxsnj613ouxchyllpbx6wx6p1BB,33,3," WF-001:1128:No:No, empty:8379:No:No, WM-221:6525:Yes:Yes, WF-002:7355:Yes:No, empty:844:Yes:No, BM-044:4776:Yes:Yes, LM-203:1430:No:No, BM-015:4336:Yes:No, BM-002:2766:Yes:Yes, BM-212:3387:Yes:Yes, BF-004:2320:No:Yes, BM-024:8129:Yes:Yes, WM-011:8962:No:No, LM-201:4761:Yes:Yes, WM-012:9730:No:No, BM-004:3337:Yes:Yes, BM-033:9867:Yes:No, BF-203:1325:No:No, BM-001:3925:Yes:Yes, BF-001:7607:Yes:No, BM-034:2220:Yes:Yes, BF-005:5544:Yes:No, WM-003:7526:No:Yes, BF-003:2537:No:No, BM-021:6320:Yes:Yes, LM-215:2511:Yes:No, BM-017:8681:Yes:Yes, BM-016:10359:Yes:No, BF-002:6996:No:Yes, BM-025:1604:Yes:Yes, empty:3841:Yes:No, empty:5432:No:Yes, BM-018:8140:Yes:Yes, WF-026:3631:No:No, BM-005:8239:Yes:No, BM-213:277:Yes:Yes, empty:8060:No:No, BM-013:9129:Yes:No, WM-018:5634:No:No, BM-003:98:Yes:Yes, BM-020:754:Yes:Yes, WF-008:9894:Yes:Yes, BM-011:1250:Yes:Yes, BM-010:3818:Yes:No, WF-014:622:No:No, BF-024:10622:No:No, BM-012:4335:No:No, BM-023:7123:No:Yes, BM-019:3722:Yes:Yes, WM-002:8354:Yes:Yes",232
20190625173112744,,2019-06-25T17:31:12.783Z,2019-06-25T17:31:12.744Z,14,4,p4,false,A1YTB9G04PC71S,35-44,male,caucasian,some-college,Gender; Age; Number of Prior Crimes; ,nxsoqpnjzodrvmjh7sxtp7yfp1BB,33,3," BM-011:1250:Yes:Yes, BM-001:3925:No:Yes, BF-004:2320:No:Yes, BM-010:3818:No:No, BM-213:277:Yes:Yes, BM-018:8140:Yes:Yes, BM-021:6320:Yes:Yes, BM-025:1604:Yes:Yes, BF-001:7607:No:No, BM-003:98:Yes:Yes, BF-003:2537:No:No, BM-033:9867:Yes:No, BM-015:4336:Yes:No, BM-019:3722:No:Yes, BM-044:4776:No:Yes, WM-002:8354:Yes:Yes, BF-005:5544:No:No, WM-018:5634:Yes:No, WF-002:7355:Yes:No, WM-011:8962:No:No, WM-003:7526:Yes:Yes, empty:844:Yes:No, BF-203:1325:No:No, WF-026:3631:No:No, BM-034:2220:Yes:Yes, LM-215:2511:No:No, BM-012:4335:Yes:No, BM-013:9129:Yes:No, BM-016:10359:No:No, BM-212:3387:Yes:Yes, BM-023:7123:No:Yes, BM-004:3337:Yes:Yes, BM-002:2766:Yes:Yes, empty:8060:Yes:No, empty:3841:Yes:No, WM-221:6525:Yes:Yes, BM-024:8129:Yes:Yes, BM-017:8681:Yes:Yes, WM-012:9730:No:No, LM-201:4761:Yes:Yes, WF-008:9894:Yes:Yes, BM-020:754:Yes:Yes, empty:8379:No:No, BM-005:8239:Yes:No, WF-001:1128:No:No, BF-002:6996:No:Yes, BF-024:10622:Yes:No, empty:5432:Yes:Yes, LM-203:1430:No:No, WF-014:622:No:No",321
20190625173344828,,2019-06-25T17:33:44.835Z,2019-06-25T17:33:44.828Z,14,4,p4,false,A3LJEDYJGSRF1G,25-34,male,caucasian,high-school,Felony/Misdemeanor Status; Number of Prior Crimes; Age; Juvenile Misdemeanor Count; Crime Description; ,nxseu20ljln306petd3xkvtla1BB,33,3," WF-026:3631:No:No, empty:5432:Yes:Yes, WM-003:7526:No:Yes, BM-016:10359:Yes:No, BF-203:1325:No:No, BM-034:2220:Yes:Yes, BM-020:754:Yes:Yes, BM-013:9129:No:No, BM-044:4776:No:Yes, BM-019:3722:No:Yes, BM-001:3925:No:Yes, BM-010:3818:No:No, BF-005:5544:No:No, BM-017:8681:Yes:Yes, BM-213:277:Yes:Yes, BF-004:2320:No:Yes, BM-011:1250:Yes:Yes, LM-203:1430:No:No, WF-014:622:No:No, BM-023:7123:No:Yes, BM-025:1604:No:Yes, BM-015:4336:No:No, BF-003:2537:No:No, BM-005:8239:Yes:No, WM-002:8354:Yes:Yes, LM-215:2511:Yes:No, empty:3841:No:No, BF-001:7607:No:No, WF-001:1128:No:No, empty:8060:No:No, BM-024:8129:Yes:Yes, WM-011:8962:No:No, WF-002:7355:No:No, BM-018:8140:Yes:Yes, WM-018:5634:No:No, BM-003:98:Yes:Yes, WM-012:9730:No:No, BM-002:2766:Yes:Yes, BF-002:6996:No:Yes, BM-033:9867:Yes:No, BF-024:10622:Yes:No, BM-012:4335:Yes:No, empty:8379:No:No, BM-212:3387:No:Yes, LM-201:4761:No:Yes, BM-004:3337:Yes:Yes, empty:844:No:No, WF-008:9894:Yes:Yes, WM-221:6525:No:Yes, BM-021:6320:Yes:Yes",305
20190625174252579,,2019-06-25T17:42:52.586Z,2019-06-25T17:42:52.579Z,2,4,p4,false,A2UO3QJZNC2VOE,25-34,male,caucasian,some-college,Number of Prior Crimes; Felony/Misdemeanor Status; ,nxs34xif0pp8vhyy9mn5ev981BB,33,3," empty:5500:No:No, BM-002:1103:Yes:No, BM-212:5765:No:No, BF-001:4860:Yes:No, WM-011:10502:No:No, empty:7032:No:No, WM-013:6884:Yes:No, WM-018:4977:Yes:Yes, BM-001:3854:No:Yes, BM-005:7920:Yes:No, WF-003:5049:No:No, WF-221:6189:No:No, empty:4991:Yes:Yes, BM-004:913:Yes:Yes, BM-015:4098:Yes:Yes, BM-020:1490:Yes:Yes, AM-215:8162:No:No, WM-220:282:No:Yes, BM-009:3647:No:No, BM-025:838:No:No, empty:3010:No:No, WM-225:10748:No:No, WM-003:2525:No:No, BM-021:6207:No:Yes, BM-016:10220:Yes:No, BM-003:1941:No:No, BM-017:7834:No:No, BM-010:8046:Yes:Yes, WF-005:408:Yes:No, BM-012:9407:No:No, WF-001:7897:Yes:Yes, WM-223:4629:No:Yes, BM-218:2703:No:No, BM-225:4161:No:Yes, empty:3248:Yes:Yes, BM-022:5270:No:No, LM-200:9634:Yes:No, BM-018:794:No:Yes, BM-213:6240:No:No, WM-201:2034:No:No, BF-024:1195:No:No, WM-002:375:No:No, BM-011:4546:No:Yes, WM-004:10423:No:Yes, WM-012:726:No:Yes, BM-034:4943:Yes:Yes, BM-019:1361:Yes:Yes, WM-023:1066:No:No, WM-221:2002:Yes:No, BM-013:4640:Yes:Yes",220
20190625174256439,,2019-06-25T17:42:56.464Z,2019-06-25T17:42:56.439Z,15,4,p4,false,A2615YW1YERQBO,45-54,male,caucasian,some-college,Number of Prior Crimes; Age; Crime Description; Felony/Misdemeanor Status; Juvenile Felony Count; Gender; Juvenile Misdemeanor Count; ,nxs12n4mapqz4zb6qjgs19gr5b1,29,3," WM-220:863:No:No, BM-009:7894:No:No, LM-200:10660:No:Yes, BM-025:4397:No:Yes, WM-003:963:Yes:No, WM-223:4288:No:No, BF-024:7868:No:No, BM-003:7916:Yes:No, BM-016:9136:Yes:No, WM-004:7320:No:Yes, WM-011:10484:Yes:No, WF-022:1452:No:Yes, WM-201:4159:No:Yes, BM-010:9509:Yes:Yes, BM-015:7341:No:Yes, BM-001:7459:Yes:Yes, WF-026:10871:No:No, WM-018:6249:Yes:Yes, LM-215:7206:Yes:Yes, LF-200:8866:No:No, WF-014:990:No:No, WF-008:8223:Yes:No, WF-001:8728:No:No, BM-012:5042:Yes:Yes, BM-005:6864:Yes:Yes, WF-002:2583:Yes:No, empty:2438:No:No, BM-002:5935:Yes:Yes, BM-011:10894:Yes:No, BM-023:934:Yes:Yes, WM-002:1241:No:Yes, BM-019:9436:Yes:Yes, WM-023:5052:No:No, LM-201:9556:Yes:No, LM-210:10271:Yes:No, BM-034:2402:Yes:Yes, empty:2278:No:Yes, LF-202:5951:No:No, WM-006:3805:No:Yes, BM-021:3999:No:No, empty:3774:No:No, BM-004:70:Yes:No, WM-014:7807:Yes:Yes, WM-221:4931:No:Yes, BF-007:7166:No:No, LM-202:728:Yes:Yes, WM-012:1196:No:No, empty:2632:No:No, WM-013:5326:Yes:Yes, BM-013:10509:Yes:No",480
20190625175638555,,2019-06-25T17:56:38.576Z,2019-06-25T17:56:38.555Z,2,4,p4,false,A3B5LEX8EGBPP8,55-64,male,caucasian,bachelors,Number of Prior Crimes; Age; Gender; Crime Description; Felony/Misdemeanor Status; Juvenile Felony Count; Juvenile Misdemeanor Count; Image; Ethnicity; ,nxsdpoi199rop833zd3eaxu0k1BB,37,3," WF-221:6189:No:No, empty:7032:No:No, WF-005:408:No:No, BM-010:8046:Yes:Yes, empty:3248:Yes:Yes, WM-004:10423:Yes:Yes, BM-022:5270:No:No, WM-002:375:Yes:No, WM-223:4629:No:Yes, WM-023:1066:No:No, BM-012:9407:Yes:No, WM-012:726:Yes:Yes, WM-221:2002:Yes:No, BM-003:1941:No:No, BM-213:6240:No:No, empty:5500:No:No, WM-018:4977:Yes:Yes, WM-201:2034:Yes:No, WM-003:2525:No:No, WF-001:7897:No:Yes, BM-004:913:Yes:Yes, WM-011:10502:No:No, BM-020:1490:Yes:Yes, BM-034:4943:Yes:Yes, BM-212:5765:Yes:No, BM-225:4161:No:Yes, BM-005:7920:No:No, empty:3010:No:No, BM-013:4640:Yes:Yes, LM-200:9634:Yes:No, BM-009:3647:No:No, BF-024:1195:Yes:No, BM-002:1103:No:No, BF-001:4860:No:No, BM-011:4546:No:Yes, WM-013:6884:No:No, BM-019:1361:Yes:Yes, BM-001:3854:Yes:Yes, WF-003:5049:No:No, BM-016:10220:No:No, WM-220:282:Yes:Yes, WM-225:10748:No:No, BM-218:2703:Yes:No, BM-018:794:Yes:Yes, BM-015:4098:Yes:Yes, BM-017:7834:No:No, empty:4991:Yes:Yes, AM-215:8162:No:No, BM-021:6207:No:Yes, BM-025:838:No:No",294
20190625175700321,,2019-06-25T17:57:00.330Z,2019-06-25T17:57:00.321Z,2,4,p4,false,AJ9W5GNM3SB2Q,18-24,male,caucasian,some-college,Number of Prior Crimes; Age; Crime Description; Felony/Misdemeanor Status; Juvenile Misdemeanor Count; Juvenile Felony Count; Image; Gender; Ethnicity; ,nxswtoxgq5bgzb1k76nz2adr1BB,36,3," BM-019:1361:Yes:Yes, WM-011:10502:No:No, BM-011:4546:Yes:Yes, BM-018:794:Yes:Yes, BM-013:4640:Yes:Yes, WM-004:10423:No:Yes, empty:5500:No:No, BM-021:6207:No:Yes, BM-009:3647:Yes:No, LM-200:9634:Yes:No, WM-003:2525:No:No, BF-001:4860:No:No, WM-225:10748:No:No, BM-213:6240:No:No, BM-012:9407:Yes:No, AM-215:8162:No:No, BM-017:7834:No:No, empty:3010:No:No, BM-005:7920:No:No, WF-003:5049:No:No, BM-212:5765:Yes:No, BM-015:4098:Yes:Yes, WF-005:408:No:No, BM-003:1941:No:No, WM-013:6884:No:No, WM-002:375:Yes:No, BM-004:913:No:Yes, WF-221:6189:No:No, empty:7032:No:No, empty:4991:Yes:Yes, empty:3248:Yes:Yes, BM-016:10220:No:No, WM-023:1066:Yes:No, BM-002:1103:No:No, WM-220:282:Yes:Yes, BM-034:4943:Yes:Yes, WM-221:2002:Yes:No, BM-218:2703:No:No, WM-018:4977:Yes:Yes, BM-001:3854:No:Yes, BM-025:838:No:No, BF-024:1195:No:No, WM-223:4629:No:Yes, BM-022:5270:No:No, BM-225:4161:No:Yes, WF-001:7897:No:Yes, WM-012:726:Yes:Yes, BM-020:1490:Yes:Yes, WM-201:2034:No:No, BM-010:8046:Yes:Yes",245
20190625181951260,,2019-06-25T18:19:51.272Z,2019-06-25T18:19:51.260Z,15,4,p4,false,A1TTFE7OTLIJW8,25-34,male,caucasian,masters,Crime Description; Number of Prior Crimes; ,nxsif1pjhdbhfp09vwk8c060km1BB,34,3," WM-220:863:Yes:No, BM-012:5042:Yes:Yes, WM-201:4159:No:Yes, WF-001:8728:No:No, BM-021:3999:Yes:No, LM-215:7206:Yes:Yes, LM-202:728:Yes:Yes, WM-014:7807:Yes:Yes, BM-005:6864:Yes:Yes, WM-003:963:No:No, BM-001:7459:Yes:Yes, BM-015:7341:No:Yes, BM-004:70:No:No, BM-011:10894:No:No, WM-018:6249:Yes:Yes, BM-013:10509:Yes:No, empty:2438:No:No, WM-221:4931:No:Yes, WM-223:4288:No:No, WF-002:2583:Yes:No, WF-008:8223:Yes:No, BM-016:9136:Yes:No, LM-200:10660:No:Yes, WM-004:7320:Yes:Yes, LF-202:5951:No:No, WM-012:1196:No:No, BM-025:4397:Yes:Yes, WM-006:3805:No:Yes, LF-200:8866:No:No, BM-023:934:Yes:Yes, LM-210:10271:No:No, BM-009:7894:No:No, empty:3774:No:No, BM-034:2402:Yes:Yes, WM-013:5326:Yes:Yes, WF-014:990:No:No, LM-201:9556:No:No, BM-003:7916:No:No, WF-022:1452:No:Yes, WF-026:10871:No:No, WM-002:1241:No:Yes, empty:2278:No:Yes, BF-007:7166:No:No, empty:2632:Yes:No, BM-019:9436:Yes:Yes, BF-024:7868:No:No, BM-002:5935:Yes:Yes, BM-010:9509:Yes:Yes, WM-023:5052:No:No, WM-011:10484:Yes:No",341
20190625183342663,,2019-06-25T18:33:42.725Z,2019-06-25T18:33:42.663Z,15,4,p4,false,A1D36KAPWAUPTJ,25-34,male,caucasian,high-school,Age; Number of Prior Crimes; Crime Description; Felony/Misdemeanor Status; Gender; Juvenile Misdemeanor Count; Juvenile Felony Count; ,nxsfcea96azlrk1lip7x362yy1,31,3," WF-022:1452:Yes:Yes, WM-220:863:Yes:No, empty:3774:No:No, empty:2438:No:No, WF-002:2583:No:No, BM-009:7894:No:No, WM-013:5326:No:Yes, BF-024:7868:No:No, BM-004:70:No:No, LM-215:7206:Yes:Yes, BM-034:2402:Yes:Yes, BM-021:3999:No:No, LF-200:8866:No:No, BF-007:7166:Yes:No, WF-014:990:No:No, BM-001:7459:Yes:Yes, WM-012:1196:No:No, LM-200:10660:No:Yes, WF-008:8223:Yes:No, WF-001:8728:No:No, BM-023:934:Yes:Yes, BM-019:9436:Yes:Yes, BM-016:9136:Yes:No, WM-011:10484:No:No, WM-002:1241:No:Yes, BM-011:10894:Yes:No, WM-004:7320:Yes:Yes, empty:2632:Yes:No, BM-010:9509:Yes:Yes, BM-003:7916:No:No, LM-210:10271:No:No, LF-202:5951:No:No, BM-025:4397:No:Yes, BM-002:5935:Yes:Yes, BM-015:7341:No:Yes, WM-018:6249:No:Yes, LM-202:728:Yes:Yes, WM-201:4159:No:Yes, WM-221:4931:No:Yes, LM-201:9556:Yes:No, WM-003:963:Yes:No, BM-012:5042:Yes:Yes, WF-026:10871:No:No, WM-006:3805:No:Yes, BM-013:10509:Yes:No, BM-005:6864:Yes:Yes, WM-223:4288:No:No, empty:2278:No:Yes, WM-014:7807:Yes:Yes, WM-023:5052:No:No",800
20190625185704434,,2019-06-25T18:57:04.485Z,2019-06-25T18:57:04.434Z,9,4,p4,false,AV5FCKI1TTSKR,45-54,male,african-american,high-school,Crime Description; Felony/Misdemeanor Status; Number of Prior Crimes; ,nxsujk5b12nw21viyyay04b4j1BB,35,3," WM-006:807:No:No, WM-012:1446:Yes:No, BM-021:7323:Yes:Yes, LM-215:919:Yes:Yes, BM-003:5420:Yes:Yes, BM-029:9040:Yes:No, WF-002:8791:No:No, BM-005:8292:Yes:Yes, BM-011:8118:Yes:No, BM-004:5074:No:Yes, LM-201:10369:No:No, LF-227:9055:No:Yes, BM-017:10652:Yes:Yes, WF-221:4441:No:No, BF-006:2405:No:No, BF-027:5096:No:No, empty:8259:No:No, WM-018:2567:No:No, WM-002:5821:Yes:No, BM-038:9163:Yes:Yes, WM-223:1689:Yes:Yes, BF-005:9811:Yes:Yes, BM-033:6595:No:No, WM-003:10925:Yes:Yes, BM-002:6916:Yes:No, WM-011:3298:Yes:No, BF-001:1212:No:Yes, WM-248:4510:Yes:No, BM-009:9852:Yes:Yes, BM-041:1314:Yes:Yes, WM-004:1559:Yes:No, empty:8891:Yes:Yes, WM-221:5342:Yes:No, BM-013:10167:Yes:Yes, BF-024:8847:Yes:Yes, BM-018:10985:Yes:Yes, AM-205:730:No:No, BM-022:6862:Yes:No, BM-012:8306:Yes:Yes, BM-020:5745:Yes:No, BF-003:8705:Yes:Yes, BM-001:5600:No:Yes, BF-004:9367:Yes:Yes, BM-032:8253:No:No, empty:2780:No:No, LM-200:9746:No:No, BM-025:7178:Yes:Yes, WM-001:5670:Yes:Yes, BM-034:9534:Yes:Yes, BM-010:5370:No:No",260
20190625195309153,,2019-06-25T19:53:09.202Z,2019-06-25T19:53:09.153Z,9,4,p4,false,A2V38OT3K4XX7D,18-24,male,asian,bachelors,Crime Description; Number of Prior Crimes; Gender; Juvenile Felony Count; Juvenile Misdemeanor Count; Age; ,nxs56t7z4662pe8y0c0u5ov2o1,32,3," BM-032:8253:No:No, WM-011:3298:Yes:No, BF-005:9811:Yes:Yes, WM-006:807:No:No, BM-011:8118:Yes:No, BM-012:8306:Yes:Yes, WM-223:1689:Yes:Yes, LM-215:919:Yes:Yes, BM-013:10167:Yes:Yes, WF-002:8791:Yes:No, BF-006:2405:No:No, BM-018:10985:Yes:Yes, BM-029:9040:Yes:No, BM-017:10652:Yes:Yes, BF-024:8847:Yes:Yes, BM-021:7323:Yes:Yes, WF-221:4441:Yes:No, BM-004:5074:Yes:Yes, LF-227:9055:No:Yes, BF-004:9367:Yes:Yes, WM-001:5670:Yes:Yes, empty:2780:No:No, WM-221:5342:Yes:No, BM-034:9534:Yes:Yes, BM-022:6862:Yes:No, BM-002:6916:Yes:No, BF-027:5096:Yes:No, BM-005:8292:Yes:Yes, WM-018:2567:No:No, BM-010:5370:No:No, BF-003:8705:Yes:Yes, BM-025:7178:Yes:Yes, BM-020:5745:Yes:No, WM-248:4510:Yes:No, AM-205:730:Yes:No, WM-002:5821:No:No, BM-038:9163:Yes:Yes, BM-009:9852:Yes:Yes, LM-200:9746:Yes:No, LM-201:10369:Yes:No, WM-012:1446:Yes:No, empty:8259:No:No, WM-003:10925:Yes:Yes, BM-001:5600:No:Yes, BF-001:1212:Yes:Yes, BM-003:5420:Yes:Yes, BM-033:6595:No:No, empty:8891:Yes:Yes, BM-041:1314:Yes:Yes, WM-004:1559:Yes:No",353
20190625200521944,,2019-06-25T20:05:22.003Z,2019-06-25T20:05:21.944Z,9,4,p4,false,A1A7HKFWGH77QH,25-34,male,caucasian,associates,Felony/Misdemeanor Status; Age; Crime Description; Number of Prior Crimes; Juvenile Felony Count; Juvenile Misdemeanor Count; Gender; ,nxsolszx75cggh6keoj3m279c1BB,34,3," WM-003:10925:Yes:Yes, WM-221:5342:No:No, BF-005:9811:Yes:Yes, WM-006:807:Yes:No, BM-021:7323:Yes:Yes, WF-221:4441:No:No, BM-038:9163:Yes:Yes, BM-022:6862:Yes:No, WF-002:8791:No:No, BM-034:9534:Yes:Yes, LF-227:9055:No:Yes, WM-012:1446:No:No, BF-027:5096:No:No, empty:8891:Yes:Yes, empty:8259:No:No, BM-005:8292:Yes:Yes, LM-215:919:No:Yes, WM-002:5821:No:No, BM-033:6595:No:No, BM-012:8306:Yes:Yes, AM-205:730:Yes:No, BM-017:10652:No:Yes, BM-003:5420:Yes:Yes, BM-020:5745:Yes:No, BM-011:8118:No:No, BM-025:7178:Yes:Yes, WM-018:2567:No:No, LM-201:10369:Yes:No, BF-004:9367:Yes:Yes, BM-013:10167:Yes:Yes, BM-001:5600:No:Yes, BF-001:1212:No:Yes, WM-248:4510:No:No, BM-004:5074:No:Yes, BM-009:9852:Yes:Yes, LM-200:9746:No:No, BM-032:8253:No:No, BM-041:1314:Yes:Yes, empty:2780:No:No, WM-223:1689:No:Yes, WM-001:5670:Yes:Yes, BF-024:8847:Yes:Yes, BM-029:9040:Yes:No, WM-004:1559:Yes:No, BF-003:8705:Yes:Yes, BF-006:2405:Yes:No, BM-002:6916:Yes:No, WM-011:3298:No:No, BM-018:10985:Yes:Yes, BM-010:5370:No:No",343
20190625203313484,,2019-06-25T20:33:13.503Z,2019-06-25T20:33:13.484Z,9,4,p4,false,A2EKR2ZFO10VMV,25-34,female,caucasian,associates,Number of Prior Crimes; Crime Description; Age; Juvenile Felony Count; Juvenile Misdemeanor Count; Felony/Misdemeanor Status; Gender; Ethnicity; Image; ,nxsopmoqjnyi6em75a04l3nd1BB,33,3," WM-006:807:No:No, BF-003:8705:Yes:Yes, BM-022:6862:Yes:No, BM-004:5074:No:Yes, BM-003:5420:No:Yes, BM-009:9852:Yes:Yes, BM-020:5745:Yes:No, BM-012:8306:Yes:Yes, WM-001:5670:Yes:Yes, BM-010:5370:No:No, BM-021:7323:Yes:Yes, WM-003:10925:No:Yes, BM-041:1314:Yes:Yes, BM-025:7178:No:Yes, BM-029:9040:No:No, BF-006:2405:No:No, BF-005:9811:No:Yes, BM-011:8118:No:No, BM-018:10985:Yes:Yes, BF-001:1212:No:Yes, WM-004:1559:Yes:No, WM-248:4510:No:No, BF-024:8847:No:Yes, BM-017:10652:No:Yes, LM-200:9746:No:No, WM-002:5821:No:No, WM-012:1446:No:No, WM-221:5342:No:No, empty:8259:No:No, empty:8891:Yes:Yes, BF-004:9367:Yes:Yes, BM-005:8292:Yes:Yes, WF-002:8791:No:No, BM-002:6916:No:No, AM-205:730:No:No, BM-034:9534:Yes:Yes, WM-018:2567:No:No, BM-001:5600:No:Yes, LM-215:919:No:Yes, LM-201:10369:No:No, WF-221:4441:No:No, WM-011:3298:Yes:No, BF-027:5096:No:No, WM-223:1689:No:Yes, LF-227:9055:No:Yes, BM-013:10167:No:Yes, empty:2780:No:No, BM-038:9163:Yes:Yes, BM-033:6595:No:No, BM-032:8253:No:No",389
20190625204541639,,2019-06-25T20:45:41.695Z,2019-06-25T20:45:41.639Z,9,4,p4,false,A1TLNLB9D87H6,35-44,female,caucasian,associates,Number of Prior Crimes; ,nxsshla8n4o8gi1d3z1pi4z971BB,33,3," BM-032:8253:No:No, BF-027:5096:No:No, BM-005:8292:Yes:Yes, WF-221:4441:Yes:No, BF-006:2405:No:No, WM-011:3298:Yes:No, BM-020:5745:Yes:No, LF-227:9055:No:Yes, BM-002:6916:Yes:No, BM-013:10167:Yes:Yes, WM-012:1446:Yes:No, WM-004:1559:Yes:No, empty:2780:No:No, BM-004:5074:Yes:Yes, BM-021:7323:Yes:Yes, WF-002:8791:No:No, BF-001:1212:Yes:Yes, BM-025:7178:Yes:Yes, BM-033:6595:No:No, BM-003:5420:Yes:Yes, empty:8259:No:No, WM-018:2567:Yes:No, WM-248:4510:Yes:No, BM-011:8118:Yes:No, BM-009:9852:Yes:Yes, WM-006:807:No:No, BM-017:10652:Yes:Yes, BM-012:8306:Yes:Yes, BM-010:5370:Yes:No, BM-038:9163:Yes:Yes, LM-215:919:Yes:Yes, BM-029:9040:Yes:No, BM-041:1314:Yes:Yes, WM-223:1689:Yes:Yes, WM-002:5821:Yes:No, WM-221:5342:Yes:No, LM-200:9746:No:No, BF-003:8705:Yes:Yes, empty:8891:Yes:Yes, BM-034:9534:Yes:Yes, LM-201:10369:Yes:No, AM-205:730:No:No, BM-018:10985:Yes:Yes, BF-024:8847:Yes:Yes, WM-001:5670:Yes:Yes, BM-022:6862:Yes:No, BF-004:9367:Yes:Yes, WM-003:10925:Yes:Yes, BF-005:9811:Yes:Yes, BM-001:5600:No:Yes",286
20190625204611991,,2019-06-25T20:46:12.139Z,2019-06-25T20:46:11.991Z,9,4,p4,false,A3BNEHTXMZB3VN,25-34,female,caucasian,bachelors,Crime Description; Felony/Misdemeanor Status; Juvenile Misdemeanor Count; Juvenile Felony Count; Number of Prior Crimes; ,nxs5q4uq9jlpmif0uxgusqqcd1BB,37,3," BM-021:7323:Yes:Yes, BM-001:5600:No:Yes, BM-032:8253:No:No, BM-033:6595:No:No, BM-004:5074:No:Yes, empty:2780:No:No, WM-018:2567:Yes:No, LM-200:9746:No:No, empty:8891:Yes:Yes, WM-003:10925:Yes:Yes, BM-005:8292:Yes:Yes, empty:8259:No:No, BM-003:5420:Yes:Yes, BM-038:9163:Yes:Yes, WM-011:3298:No:No, WM-223:1689:No:Yes, BF-003:8705:Yes:Yes, BF-027:5096:No:No, LM-215:919:No:Yes, BF-001:1212:Yes:Yes, BM-034:9534:Yes:Yes, WM-221:5342:No:No, BM-009:9852:Yes:Yes, BF-004:9367:No:Yes, WM-012:1446:Yes:No, WF-002:8791:No:No, WF-221:4441:No:No, BM-025:7178:Yes:Yes, BM-029:9040:No:No, BF-005:9811:No:Yes, WM-004:1559:No:No, BM-041:1314:Yes:Yes, BF-006:2405:No:No, BM-010:5370:No:No, BM-002:6916:No:No, BM-022:6862:Yes:No, WM-002:5821:Yes:No, LM-201:10369:No:No, BM-020:5745:No:No, BM-018:10985:No:Yes, LF-227:9055:No:Yes, WM-001:5670:Yes:Yes, BM-013:10167:Yes:Yes, BF-024:8847:No:Yes, AM-205:730:No:No, BM-011:8118:No:No, WM-006:807:No:No, BM-012:8306:Yes:Yes, BM-017:10652:Yes:Yes, WM-248:4510:No:No",772
20190625205236808,,2019-06-25T20:52:36.881Z,2019-06-25T20:52:36.808Z,9,4,p4,false,A2HRUFTA09371Y,18-24,female,asian,some-college,Number of Prior Crimes; Crime Description; ,nxsn9z8pcvtvrsywrafv7six1BB,34,3," LF-227:9055:No:Yes, BM-003:5420:No:Yes, WM-002:5821:Yes:No, empty:8891:Yes:Yes, BF-005:9811:Yes:Yes, WM-001:5670:Yes:Yes, BM-021:7323:Yes:Yes, BM-013:10167:No:Yes, BM-017:10652:Yes:Yes, BM-029:9040:Yes:No, WM-223:1689:No:Yes, BM-001:5600:No:Yes, BM-005:8292:Yes:Yes, BM-038:9163:Yes:Yes, AM-205:730:No:No, BM-002:6916:No:No, BM-004:5074:No:Yes, BF-027:5096:No:No, BM-011:8118:Yes:No, BM-032:8253:No:No, WM-221:5342:No:No, WM-003:10925:No:Yes, WM-248:4510:No:No, BF-004:9367:Yes:Yes, LM-215:919:No:Yes, WM-018:2567:No:No, BM-022:6862:Yes:No, BM-012:8306:Yes:Yes, BM-009:9852:No:Yes, empty:2780:No:No, BF-001:1212:No:Yes, BM-033:6595:No:No, BF-024:8847:Yes:Yes, BM-025:7178:Yes:Yes, WF-221:4441:No:No, BM-020:5745:No:No, BM-010:5370:No:No, BF-006:2405:No:No, BF-003:8705:Yes:Yes, LM-200:9746:No:No, BM-034:9534:Yes:Yes, WM-011:3298:Yes:No, WM-004:1559:Yes:No, LM-201:10369:No:No, empty:8259:No:No, BM-018:10985:Yes:Yes, WM-006:807:No:No, WF-002:8791:No:No, BM-041:1314:Yes:Yes, WM-012:1446:No:No",392
20190625210001563,,2019-06-25T21:00:01.622Z,2019-06-25T21:00:01.563Z,9,4,p4,false,AZLZA0Q87TJZO,35-44,female,caucasian,some-college,Number of Prior Crimes; Age; Crime Description; Juvenile Felony Count; ,nxsn0go51q5crk9exljbl07bp1BB,33,3," BF-006:2405:No:No, BF-003:8705:Yes:Yes, BF-001:1212:Yes:Yes, empty:2780:No:No, WM-011:3298:Yes:No, WM-003:10925:Yes:Yes, BM-013:10167:Yes:Yes, BM-004:5074:No:Yes, BM-020:5745:Yes:No, WM-001:5670:Yes:Yes, WM-004:1559:Yes:No, BM-041:1314:Yes:Yes, BF-024:8847:Yes:Yes, WF-221:4441:No:No, WM-018:2567:No:No, WM-006:807:No:No, BF-005:9811:Yes:Yes, BM-010:5370:Yes:No, BM-025:7178:Yes:Yes, empty:8891:Yes:Yes, BM-034:9534:Yes:Yes, WM-223:1689:No:Yes, BM-033:6595:No:No, LF-227:9055:No:Yes, WM-002:5821:Yes:No, WM-221:5342:Yes:No, BM-001:5600:No:Yes, LM-200:9746:No:No, BM-005:8292:Yes:Yes, BM-003:5420:No:Yes, BM-011:8118:Yes:No, WM-248:4510:No:No, BM-017:10652:Yes:Yes, BF-004:9367:Yes:Yes, BM-038:9163:Yes:Yes, BM-029:9040:No:No, WM-012:1446:Yes:No, BM-002:6916:Yes:No, BF-027:5096:No:No, BM-032:8253:No:No, LM-215:919:No:Yes, empty:8259:No:No, WF-002:8791:No:No, LM-201:10369:No:No, AM-205:730:No:No, BM-022:6862:Yes:No, BM-021:7323:No:Yes, BM-018:10985:Yes:Yes, BM-012:8306:Yes:Yes, BM-009:9852:Yes:Yes",708
20190625211632967,,2019-06-25T21:16:33.021Z,2019-06-25T21:16:32.967Z,9,4,p4,false,A1B54URWGA0WFB,35-44,female,caucasian,associates,Age; Crime Description; Number of Prior Crimes; Felony/Misdemeanor Status; Juvenile Felony Count; Gender; Ethnicity; Juvenile Misdemeanor Count; Image; ,nxs2tkyt550yun7tm43wnwcau1BB,35,3," BF-027:5096:No:No, BM-032:8253:Yes:No, empty:8259:No:No, BM-025:7178:Yes:Yes, BF-004:9367:Yes:Yes, BM-029:9040:No:No, WM-003:10925:No:Yes, WM-001:5670:Yes:Yes, BM-017:10652:Yes:Yes, BF-024:8847:No:Yes, LM-201:10369:No:No, BM-013:10167:Yes:Yes, BM-005:8292:Yes:Yes, BM-018:10985:Yes:Yes, BF-001:1212:Yes:Yes, WM-221:5342:No:No, WM-004:1559:Yes:No, empty:8891:Yes:Yes, BF-006:2405:No:No, BM-012:8306:Yes:Yes, BM-021:7323:Yes:Yes, BM-041:1314:Yes:Yes, WM-223:1689:No:Yes, BM-038:9163:Yes:Yes, LF-227:9055:No:Yes, WM-018:2567:No:No, BM-011:8118:No:No, BM-034:9534:No:Yes, BF-005:9811:No:Yes, LM-215:919:Yes:Yes, BM-033:6595:No:No, WF-002:8791:No:No, WM-012:1446:No:No, LM-200:9746:No:No, BM-001:5600:Yes:Yes, BM-010:5370:Yes:No, WM-006:807:Yes:No, WM-011:3298:No:No, WF-221:4441:No:No, WM-002:5821:Yes:No, BM-004:5074:No:Yes, AM-205:730:No:No, BM-020:5745:Yes:No, empty:2780:No:No, BM-022:6862:Yes:No, WM-248:4510:No:No, BF-003:8705:Yes:Yes, BM-002:6916:Yes:No, BM-009:9852:Yes:Yes, BM-003:5420:Yes:Yes",460
20190625211701367,,2019-06-25T21:17:01.376Z,2019-06-25T21:17:01.367Z,9,4,p4,false,A5BMKZRGHNSRT,25-34,female,hispanic,some-college,Number of Prior Crimes; Juvenile Misdemeanor Count; Juvenile Felony Count; Felony/Misdemeanor Status; Crime Description; Ethnicity; Age; Gender; Image; ,nxsny3yfhnvyak8g9ue9cnafm1BB,33,3," LM-215:919:No:Yes, LM-201:10369:Yes:No, empty:2780:No:No, BM-032:8253:No:No, WM-012:1446:Yes:No, BF-024:8847:Yes:Yes, BM-025:7178:Yes:Yes, WM-011:3298:Yes:No, BM-020:5745:Yes:No, BM-003:5420:Yes:Yes, BF-027:5096:No:No, LF-227:9055:No:Yes, WM-003:10925:Yes:Yes, BM-005:8292:Yes:Yes, WM-004:1559:Yes:No, BM-013:10167:Yes:Yes, BM-029:9040:Yes:No, BF-005:9811:Yes:Yes, BM-022:6862:Yes:No, WM-221:5342:Yes:No, BM-011:8118:Yes:No, WM-001:5670:Yes:Yes, WF-221:4441:No:No, BF-004:9367:Yes:Yes, BF-006:2405:No:No, BM-021:7323:Yes:Yes, BM-033:6595:No:No, BM-002:6916:Yes:No, WM-002:5821:Yes:No, BM-010:5370:Yes:No, AM-205:730:No:No, BF-001:1212:Yes:Yes, WM-223:1689:Yes:Yes, BM-018:10985:Yes:Yes, empty:8891:Yes:Yes, empty:8259:No:No, BM-009:9852:Yes:Yes, WM-248:4510:Yes:No, WM-006:807:No:No, BF-003:8705:Yes:Yes, BM-004:5074:Yes:Yes, BM-038:9163:Yes:Yes, BM-034:9534:Yes:Yes, BM-017:10652:Yes:Yes, WM-018:2567:Yes:No, BM-012:8306:Yes:Yes, BM-001:5600:No:Yes, BM-041:1314:Yes:Yes, WF-002:8791:No:No, LM-200:9746:No:No",169
20190625214328182,,2019-06-25T21:43:28.192Z,2019-06-25T21:43:28.182Z,9,4,p4,false,AYH5S2NOTSFKR,35-44,female,caucasian,high-school,Number of Prior Crimes; Felony/Misdemeanor Status; Juvenile Misdemeanor Count; Juvenile Felony Count; Crime Description; Age; ,nxs49fcm2ukvflzjru5eyc081BB,35,3," LM-215:919:No:Yes, BM-012:8306:Yes:Yes, BM-005:8292:Yes:Yes, BM-002:6916:Yes:No, BM-041:1314:Yes:Yes, BM-004:5074:No:Yes, BM-010:5370:No:No, WM-012:1446:Yes:No, BM-022:6862:Yes:No, empty:2780:No:No, BF-001:1212:No:Yes, WF-221:4441:No:No, WM-248:4510:No:No, WM-001:5670:Yes:Yes, BM-034:9534:Yes:Yes, WF-002:8791:No:No, empty:8891:Yes:Yes, WM-011:3298:Yes:No, BM-038:9163:Yes:Yes, BF-006:2405:No:No, BM-011:8118:Yes:No, BM-013:10167:Yes:Yes, WM-003:10925:No:Yes, AM-205:730:No:No, WM-221:5342:Yes:No, LM-201:10369:No:No, BM-032:8253:No:No, BM-003:5420:Yes:Yes, BF-004:9367:Yes:Yes, BM-029:9040:Yes:No, WM-006:807:No:No, WM-004:1559:Yes:No, WM-223:1689:No:Yes, LM-200:9746:No:No, LF-227:9055:No:Yes, BM-033:6595:No:No, WM-018:2567:No:No, BM-009:9852:Yes:Yes, WM-002:5821:No:No, BM-017:10652:Yes:Yes, BM-018:10985:Yes:Yes, BF-005:9811:Yes:Yes, empty:8259:No:No, BF-027:5096:No:No, BM-001:5600:No:Yes, BM-020:5745:No:No, BF-003:8705:Yes:Yes, BM-025:7178:Yes:Yes, BM-021:7323:Yes:Yes, BF-024:8847:Yes:Yes",472
20190625215201850,,2019-06-25T21:52:01.937Z,2019-06-25T21:52:01.850Z,9,4,p4,false,A1AZLJ3R5FQ9B7,65-74,female,caucasian,bachelors,Number of Prior Crimes; Felony/Misdemeanor Status; Crime Description; Juvenile Felony Count; Juvenile Misdemeanor Count; Age; Gender; Ethnicity; Image; ,nxsxgn4xdf1zx9xws6e3doi51,32,3," BF-003:8705:Yes:Yes, WM-011:3298:Yes:No, WF-002:8791:No:No, BF-005:9811:No:Yes, BM-029:9040:Yes:No, LM-215:919:Yes:Yes, BM-017:10652:Yes:Yes, WM-018:2567:Yes:No, BF-006:2405:No:No, WM-001:5670:Yes:Yes, BM-041:1314:Yes:Yes, BF-004:9367:Yes:Yes, BM-013:10167:Yes:Yes, WM-002:5821:Yes:No, empty:8259:No:No, BF-024:8847:No:Yes, WM-248:4510:No:No, BM-010:5370:Yes:No, BM-022:6862:Yes:No, WM-223:1689:Yes:Yes, BM-002:6916:No:No, BM-009:9852:No:Yes, AM-205:730:No:No, BF-027:5096:No:No, BM-020:5745:Yes:No, WF-221:4441:Yes:No, BM-034:9534:Yes:Yes, BM-018:10985:Yes:Yes, BM-038:9163:Yes:Yes, WM-004:1559:Yes:No, BM-025:7178:Yes:Yes, WM-221:5342:No:No, BM-032:8253:No:No, BM-011:8118:Yes:No, BM-021:7323:Yes:Yes, BM-001:5600:No:Yes, BM-012:8306:Yes:Yes, empty:8891:Yes:Yes, WM-003:10925:Yes:Yes, BM-005:8292:Yes:Yes, empty:2780:No:No, BM-033:6595:No:No, WM-012:1446:Yes:No, LM-200:9746:No:No, LM-201:10369:No:No, BM-004:5074:No:Yes, LF-227:9055:No:Yes, BM-003:5420:Yes:Yes, BF-001:1212:No:Yes, WM-006:807:No:No",486
20190626011305227,,2019-06-26T01:13:05.333Z,2019-06-26T01:13:05.227Z,9,4,p4,false,A2VD133723IZR8,45-54,female,caucasian,bachelors,Crime Description; Number of Prior Crimes; Felony/Misdemeanor Status; Juvenile Felony Count; Juvenile Misdemeanor Count; Image; Gender; Age; Ethnicity; ,nxs1pp3rj43iwgegqzpf4jrcp1BB,33,3," BF-005:9811:Yes:Yes, LM-201:10369:No:No, WM-011:3298:Yes:No, WM-018:2567:No:No, WM-003:10925:Yes:Yes, BM-003:5420:Yes:Yes, WM-012:1446:Yes:No, BM-018:10985:Yes:Yes, empty:8891:Yes:Yes, BF-003:8705:Yes:Yes, BM-005:8292:Yes:Yes, AM-205:730:No:No, WM-248:4510:Yes:No, WM-001:5670:Yes:Yes, BM-029:9040:Yes:No, WF-002:8791:No:No, BF-024:8847:Yes:Yes, BM-017:10652:Yes:Yes, BM-020:5745:Yes:No, BM-038:9163:Yes:Yes, BF-004:9367:Yes:Yes, BM-012:8306:Yes:Yes, WM-004:1559:Yes:No, BF-001:1212:No:Yes, WM-002:5821:Yes:No, LF-227:9055:No:Yes, empty:8259:No:No, BM-013:10167:Yes:Yes, BM-010:5370:Yes:No, BM-041:1314:Yes:Yes, empty:2780:No:No, BF-027:5096:No:No, BM-022:6862:Yes:No, WM-006:807:No:No, BM-002:6916:Yes:No, BM-034:9534:Yes:Yes, WF-221:4441:No:No, WM-223:1689:Yes:Yes, BM-032:8253:No:No, BM-009:9852:Yes:Yes, BF-006:2405:No:No, BM-004:5074:No:Yes, BM-025:7178:Yes:Yes, BM-001:5600:No:Yes, BM-033:6595:No:No, LM-200:9746:No:No, BM-011:8118:Yes:No, BM-021:7323:Yes:Yes, WM-221:5342:Yes:No, LM-215:919:No:Yes",342
